 , 
Test task,Test task
Ā ā Ă ă Ą ą Ć ć Ĉ ĉ Ċ ċ Č č Ď ď Đ đ Ē ē Ĕ ĕ Ė ė Ę ę Ě ě Ĝ ĝ Ğ ğ Ġ ġ Ģ ģ Ĥ ĥ Ħ ħ Ĩ ĩ Ī ī Ĭ ĭ Į į İ ı Ĳ ĳ Ĵ ĵ Ķ ķ ĸ Ĺ ĺ Ļ ļ Ľ,Ā ā Ă ă Ą ą Ć ć Ĉ ĉ Ċ ċ Č č Ď ď Đ đ Ē ē Ĕ ĕ Ė ė Ę ę Ě ě Ĝ ĝ Ğ ğ Ġ ġ Ģ ģ Ĥ ĥ Ħ ħ Ĩ ĩ Ī ī Ĭ ĭ Į į İ ı Ĳ ĳ Ĵ ĵ Ķ ķ ĸ Ĺ ĺ Ļ ļ Ľ
"Lorem ipsum dolor sit amet, consectetur adipiscing elit. Vestibulum sed congue lorem. Orci varius natoque penatibus et magnis dis parturient montes,123","Lorem ipsum dolor sit amet, consectetur adipiscing elit. Vestibulum sed congue lorem. Orci varius natoque penatibus et magnis dis parturient montes,12..."
"task	1
task	2
task	3
task	4
task	5
task	6
task	7
task	8
task	9
task	10
task	11
task	12
task	13
task	14
task	15
task	16
task	17
task	18
task	19
task	20
task	21
task	22
task	23
task	24
task	25
task	26
task	27
task	28
task	29
task	30
task	31
task	32
task	33
task	34
task	35
task	36
task	37
task	38
task	39
task	40
task	41
task	42
task	43
task	44
task	45
task	46
task	47
task	48
task	49
task	50
task	51
task	52
task	53
task	54
task	55
task	56
task	57
task	58
task	59
task	60
task	61
task	62
task	63
task	64
task	65
task	66
task	67
task	68
task	69
task	70
task	71
task	72
task	73
task	74
task	75
task	76
task	77
task	78
task	79
task	80
task	81
task	82
task	83
task	84
task	85
task	86
task	87
task	88
task	89
task	90
task	91
task	92
task	93
task	94
task	95
task	96
task	97
task	98
task	99
task	100
task	101","task	1
task	2
task	3
task	4
task	5
task	6
task	7
task	8
task	9
task	10
task	11
task	12
task	13
task	14
task	15
task	16
task	17
task	18
task	19
task	20
task	21
task	22
task	23
task	24
task	25
task	26
task	27
task	28
task	29
task	30
task	31
task	32
task	33
task	34
task	35
task	36
task	37
task	38
task	39
task	40
task	41
task	42
task	43
task	44
task	45
task	46
task	47
task	48
task	49
task	50
task	51
task	52
task	53
task	54
task	55
task	56
task	57
task	58
task	59
task	60
task	61
task	62
task	63
task	64
task	65
task	66
task	67
task	68
task	69
task	70
task	71
task	72
task	73
task	74
task	75
task	76
task	77
task	78
task	79
task	80
task	81
task	82
task	83
task	84
task	85
task	86
task	87
task	88
task	89
task	90
task	91
task	92
task	93
task	94
task	95
task	96
task	97
task	98
task	99
task	100"
